[
    {"id": 1, "name": "21st Century Cooperative", "location": "Cumberland, IA", "type": "Agricultural", "website": "http://www.21stcoop.com/", "category": "agricultural"},
    {"id": 2, "name": "AgState", "location": "Cherokee, IA", "type": "Agricultural", "website": "https://agstate.org/", "category": "agricultural"},
    {"id": 3, "name": "Archer Cooperative Grain", "location": "Archer, IA", "type": "Agricultural", "website": "http://archercoopgrain.com/", "category": "agricultural"},
    {"id": 4, "name": "Aspinwall Coop Company", "location": "Aspinwall, IA", "type": "Agricultural", "website": "http://www.aspinwallcoop.com/", "category": "agricultural"},
    {"id": 5, "name": "Buckingham Cooperative", "location": "Buckingham, IA", "type": "Agricultural", "website": "http://www.buckingham.coop/", "category": "agricultural"},
    {"id": 6, "name": "Cedar County Cooperative", "location": "Tipton, IA", "type": "Agricultural", "website": "http://www.cedarcountycoop.com/", "category": "agricultural"},
    {"id": 7, "name": "Cooperative Farmers Elevator", "location": "Rock Valley, IA", "type": "Agricultural", "website": "http://www.coopfe.com/", "category": "agricultural"},
    {"id": 8, "name": "Dunkerton Co-op Elevator", "location": "Dunkerton, IA", "type": "Agricultural", "website": "http://www.dunkertoncoop.com/", "category": "agricultural"},
    {"id": 9, "name": "Farm Service Cooperative", "location": "Harlan, IA", "type": "Agricultural", "website": "http://www.fscoop.com/", "category": "agricultural"},
    {"id": 10, "name": "Farmers Cooperative", "location": "Keota, IA", "type": "Agricultural", "website": "http://www.keotafarmerscoop.com/", "category": "agricultural"},
    {"id": 11, "name": "Farmers Co-op (Readlyn)", "location": "Readlyn, IA", "type": "Agricultural", "website": "http://www.readlynshellrockcoop.com/", "category": "agricultural"},
    {"id": 12, "name": "Farmers Cooperative (Radcliffe)", "location": "Radcliffe, IA", "type": "Agricultural", "website": "https://www.radcliffecoop.com/", "category": "agricultural"},
    {"id": 13, "name": "Farmers Cooperative (Craig)", "location": "Craig, IA", "type": "Agricultural", "website": "http://www.craigcoop.com/", "category": "agricultural"},
    {"id": 14, "name": "Farmers Cooperative (Remsen)", "location": "Remsen, IA", "type": "Agricultural", "website": "http://www.remsencoop.com/", "category": "agricultural"},
    {"id": 15, "name": "Farmers Cooperative (Ottosen)", "location": "Ottosen, IA", "type": "Agricultural", "website": "http://www.ottosenelevator.com/", "category": "agricultural"},
    {"id": 16, "name": "Farmers Cooperative (Arcadia)", "location": "Arcadia, IA", "type": "Agricultural", "website": "http://www.faccooperative.com/", "category": "agricultural"},
    {"id": 17, "name": "Farmers Cooperative Society", "location": "Sioux Center, IA", "type": "Agricultural", "website": "http://www.farmerscoopsociety.com/", "category": "agricultural"},
    {"id": 18, "name": "Farmers Union Cooperative", "location": "Ossian, IA", "type": "Agricultural", "website": "http://www.farmerunion.net/", "category": "agricultural"},
    {"id": 19, "name": "Farmers Win Cooperative", "location": "Fredericksburg, IA", "type": "Agricultural", "website": "http://www.farmerswin.com/", "category": "agricultural"},
    {"id": 20, "name": "Five Star Cooperative", "location": "New Hampton, IA", "type": "Agricultural", "website": "https://www.fivestarcoop.com/", "category": "agricultural"},
    {"id": 21, "name": "Gold-Eagle Cooperative", "location": "Goldfield, IA", "type": "Agricultural", "website": "http://www.goldeaglecoop.com/", "category": "agricultural"},
    {"id": 22, "name": "Heartland Co-op", "location": "West Des Moines, IA", "type": "Agricultural", "website": "http://www.heartlandcoop.com/", "category": "agricultural"},
    {"id": 23, "name": "Hull Cooperative", "location": "Hull, IA", "type": "Agricultural", "website": "http://www.hullcoop.com/", "category": "agricultural"},
    {"id": 24, "name": "Innovative Ag Services", "location": "Monticello, IA", "type": "Agricultural", "website": "http://www.innovativeag.com/", "category": "agricultural"},
    {"id": 25, "name": "Key Cooperative", "location": "Roland, IA", "type": "Agricultural", "website": "http://www.keycoop.com/", "category": "agricultural"},
    {"id": 26, "name": "Landus", "location": "Des Moines, IA", "type": "Agricultural", "website": "https://www.landus.ag/", "category": "agricultural"},
    {"id": 27, "name": "Linn Cooperative Oil Co.", "location": "Marion, IA", "type": "Agricultural", "website": "https://www.linncoop.com/", "category": "agricultural"},
    {"id": 28, "name": "Mid-Iowa Cooperative", "location": "Beaman, IA", "type": "Agricultural", "website": "http://www.midiowacoop.com/", "category": "agricultural"},
    {"id": 29, "name": "NEW Cooperative Inc.", "location": "Fort Dodge, IA", "type": "Agricultural", "website": "http://www.newcoop.com/", "category": "agricultural"},
    {"id": 30, "name": "Nexus Cooperative", "location": "Charles City, IA", "type": "Agricultural", "website": "https://www.nexus.coop/", "category": "agricultural"},
    {"id": 31, "name": "North Iowa Cooperative", "location": "Thornton, IA", "type": "Agricultural", "website": "http://www.nicoop.com/", "category": "agricultural"},
    {"id": 32, "name": "PRO Cooperative", "location": "Pocahontas, IA", "type": "Agricultural", "website": "http://www.procooperative.com/", "category": "agricultural"},
    {"id": 33, "name": "Producer Cooperative", "location": "Gaza, IA", "type": "Agricultural", "website": "https://gazaproducerscoop.com/", "category": "agricultural"},
    {"id": 34, "name": "River Valley Cooperative", "location": "Davenport, IA", "type": "Agricultural", "website": "http://www.rivervalleycoop.com/", "category": "agricultural"},
    {"id": 35, "name": "SilverEdge Cooperative", "location": "Edgewood, IA", "type": "Agricultural", "website": "http://www.silveredgecoop.com/", "category": "agricultural"},
    {"id": 36, "name": "Stateline Cooperative", "location": "Burt, IA", "type": "Agricultural", "website": "http://www.statelinecoop.com/", "category": "agricultural"},
    {"id": 37, "name": "Tama-Benton Cooperative", "location": "Dysart, IA", "type": "Agricultural", "website": "http://www.tamabentoncoop.com/", "category": "agricultural"},
    {"id": 38, "name": "Two Rivers Cooperative", "location": "Pella, IA", "type": "Agricultural", "website": "http://www.tworivers.coop/", "category": "agricultural"},
    {"id": 39, "name": "United Cooperative", "location": "Webster City, IA", "type": "Agricultural", "website": "http://www.unitedcoop.com/", "category": "agricultural"},
    {"id": 40, "name": "Access Energy Cooperative", "location": "Mount Pleasant, IA", "type": "Rural Electric", "website": "http://www.accessenergycoop.com/", "category": "electric"},
    {"id": 41, "name": "Allamakee-Clayton REC", "location": "Postville, IA", "type": "Rural Electric", "website": "http://www.acrec.com/", "category": "electric"},
    {"id": 42, "name": "Butler County REC", "location": "Allison, IA", "type": "Rural Electric", "website": "http://www.butlerrec.coop/", "category": "electric"},
    {"id": 43, "name": "Calhoun County Electric", "location": "Rockwell City, IA", "type": "Rural Electric", "website": "https://www.calhounrec.coop/", "category": "electric"},
    {"id": 44, "name": "Central Iowa Power Coop", "location": "Cedar Rapids, IA", "type": "Rural Electric", "website": "http://www.cipco.net/", "category": "electric"},
    {"id": 45, "name": "Chariton Valley Electric", "location": "Albia, IA", "type": "Rural Electric", "website": "https://www.cvrec.com/", "category": "electric"},
    {"id": 46, "name": "Consumers Energy Coop", "location": "Marshalltown, IA", "type": "Rural Electric", "website": "https://www.consumersenergy.coop/", "category": "electric"},
    {"id": 47, "name": "Corn Belt Power Coop", "location": "Humboldt, IA", "type": "Rural Electric", "website": "http://www.cbpower.coop/", "category": "electric"},
    {"id": 48, "name": "Corridor Energy Coop", "location": "Marion, IA", "type": "Rural Electric", "website": "https://corridorenergy.coop/", "category": "electric"},
    {"id": 49, "name": "East Central Iowa REC", "location": "Urbana, IA", "type": "Rural Electric", "website": "http://www.ecirec.coop/", "category": "electric"},
    {"id": 50, "name": "Farmers Electric Co-op", "location": "Greenfield, IA", "type": "Rural Electric", "website": "http://www.farmersrec.com/", "category": "electric"},
    {"id": 51, "name": "Franklin Rural Electric", "location": "Hampton, IA", "type": "Rural Electric", "website": "https://www.franklinrec.coop/", "category": "electric"},
    {"id": 52, "name": "Grundy County REC", "location": "Grundy Center, IA", "type": "Rural Electric", "website": "http://www.grundycountyrecia.com/", "category": "electric"},
    {"id": 53, "name": "Guthrie County REC", "location": "Guthrie Center, IA", "type": "Rural Electric", "website": "http://www.guthrie-rec.coop/", "category": "electric"},
    {"id": 54, "name": "Harrison County REC", "location": "Woodbine, IA", "type": "Rural Electric", "website": "http://www.hcrec.coop/", "category": "electric"},
    {"id": 55, "name": "Iowa Lakes Electric", "location": "Estherville, IA", "type": "Rural Electric", "website": "http://www.ilec.org/", "category": "electric"},
    {"id": 56, "name": "Midland Power Coop", "location": "Jefferson, IA", "type": "Rural Electric", "website": "http://www.midlandpower.com/", "category": "electric"},
    {"id": 57, "name": "Nishnabotna Valley REC", "location": "Harlan, IA", "type": "Rural Electric", "website": "https://www.nvrec.com/", "category": "electric"},
    {"id": 58, "name": "Northwest REC", "location": "Orange City, IA", "type": "Rural Electric", "website": "http://www.nwrec.com/", "category": "electric"},
    {"id": 59, "name": "Northwest Iowa Power", "location": "LeMars, IA", "type": "Rural Electric", "website": "http://www.nipco.coop/", "category": "electric"},
    {"id": 60, "name": "Raccoon Valley Electric", "location": "Glidden, IA", "type": "Rural Electric", "website": "http://www.rvec.coop/", "category": "electric"},
    {"id": 61, "name": "Cedar Falls Credit Union", "location": "Cedar Falls, IA", "type": "Credit Union", "website": "http://www.cfccu.org/", "category": "credit"},
    {"id": 62, "name": "Community Choice CU", "location": "Johnston, IA", "type": "Credit Union", "website": "http://www.comchoicecu.org/", "category": "credit"},
    {"id": 63, "name": "Community 1st CU", "location": "Ottumwa, IA", "type": "Credit Union", "website": "https://www.c1stcreditunion.com/", "category": "credit"},
    {"id": 64, "name": "Dupaco Community CU", "location": "Dubuque, IA", "type": "Credit Union", "website": "https://www.dupaco.com/", "category": "credit"},
    {"id": 65, "name": "Financial Plus CU", "location": "West Des Moines, IA", "type": "Credit Union", "website": "https://secure.financialpluscu.com/", "category": "credit"},
    {"id": 66, "name": "Greater Iowa CU", "location": "Ames, IA", "type": "Credit Union", "website": "https://www.greateriowacu.org/", "category": "credit"},
    {"id": 67, "name": "Green State CU", "location": "North Liberty, IA", "type": "Credit Union", "website": "https://www.greenstate.org/", "category": "credit"},
    {"id": 68, "name": "Farmers Co-op Telephone", "location": "Dysart, IA", "type": "Telecommunications", "website": "http://www.fctc.coop/", "category": "telecom"},
    {"id": 69, "name": "Farmers Mutual Telephone", "location": "Harlan, IA", "type": "Telecommunications", "website": "http://www.fmctc.com/", "category": "telecom"},
    {"id": 70, "name": "Heart of Iowa Comm.", "location": "Union, IA", "type": "Telecommunications", "website": "http://www.heartofiowa.coop/", "category": "telecom"},
    {"id": 71, "name": "Huxley Communications", "location": "Huxley, IA", "type": "Telecommunications", "website": "http://www.huxcomm.net/", "category": "telecom"},
    {"id": 72, "name": "Northwest Communications", "location": "Havelock, IA", "type": "Telecommunications", "website": "https://ncn.net/", "category": "telecom"},
    {"id": 73, "name": "South Slope Cooperative", "location": "North Liberty, IA", "type": "Telecommunications", "website": "https://www.southslope.com/", "category": "telecom"},
    {"id": 74, "name": "Western Iowa Telephone", "location": "Lawton, IA", "type": "Telecommunications", "website": "https://www.wiatel.com/", "category": "telecom"},
    {"id": 75, "name": "Iowa Food Cooperative", "location": "Des Moines, IA", "type": "Food/Consumer", "website": "https://iowafood.coop/", "category": "food"},
    {"id": 76, "name": "Oneota Food Cooperative", "location": "Decorah, IA", "type": "Food/Consumer", "website": "https://oneotacoop.com/", "category": "food"},
    {"id": 77, "name": "New Pioneer Food Co-op", "location": "Iowa City, IA", "type": "Food/Consumer", "website": "https://www.newpi.coop/", "category": "food"},
    {"id": 78, "name": "Frontier Co-op", "location": "Norway, IA", "type": "Food/Consumer", "website": "https://www.frontiercoop.com/", "category": "food"},
    {"id": 79, "name": "Morning Bell Coffee", "location": "Ames, IA", "type": "Worker-Owned", "website": "https://morningbellcoffee.com/", "category": "worker"},
    {"id": 80, "name": "River City Housing", "location": "Iowa City, IA", "type": "Housing", "website": "https://rchc.coop/", "category": "housing"},
    {"id": 83, "name": "Brown Deer Cooperative", "location": "Coralville, IA", "type": "Housing", "website": "https://www.browndeercooperative.com", "category": "housing"},
    {"id": 84, "name": "Cooperative Energy Co.", "location": "Sibley, IA", "type": "Energy", "website": "http://www.coopenergyco.com/", "category": "energy"},
    {"id": 85, "name": "Hancock County Co-op Oil", "location": "Garner, IA", "type": "Energy", "website": "https://www.hancockcountycoop.com/", "category": "energy"},
    {"id": 86, "name": "NuWay K&H Cooperative", "location": "Clear Lake, IA", "type": "Energy", "website": "https://www.nuway-kandh.com/", "category": "energy"},
    {"id": 87, "name": "W & H Oil Cooperative", "location": "Humboldt, IA", "type": "Energy", "website": "http://www.whcoop.com/", "category": "energy"},
    {"id": 88, "name": "Siouxland Energy Coop", "location": "Sioux Center, IA", "type": "Renewable Energy", "website": "http://www.siouxlandenergy.com/", "category": "energy"}
]
